algorithm,k,ARI_mean,ARI_std,min_samples,Stability Score,preprocessing,threshold,eps
K-Means,2.0,0.9688,0.0451,,0.9098,raw,,
K-Means,3.0,0.8486,0.1868,,0.6264000000000001,raw,,
K-Means,4.0,0.8599,0.1275,,0.745,raw,,
K-Means,5.0,0.8444,0.097,,0.806,raw,,
K-Means,6.0,0.6849,0.2161,,0.5678000000000001,raw,,
K-Means,7.0,0.7663,0.1679,,0.6642,raw,,
K-Means,8.0,0.7514,0.1312,,0.7376,raw,,
GMM,2.0,0.892,0.1399,,0.7202,raw,,
GMM,3.0,0.7878,0.1951,,0.6098,raw,,
GMM,4.0,0.5582,0.1472,,0.7056,raw,,
GMM,5.0,0.6134,0.1264,,0.7472,raw,,
GMM,6.0,0.3799,0.0703,,0.8593999999999999,raw,,
GMM,7.0,0.388,0.0614,,0.8772,raw,,
GMM,8.0,0.3317,0.0606,,0.8788,raw,,
Agglomerative,2.0,0.6887,0.1928,,0.6144000000000001,raw,,
Agglomerative,3.0,0.4641,0.2162,,0.5676,raw,,
Agglomerative,4.0,0.6287,0.1967,,0.6066,raw,,
Agglomerative,5.0,0.7466,0.1798,,0.6404000000000001,raw,,
Agglomerative,6.0,0.7089,0.1685,,0.663,raw,,
Agglomerative,7.0,0.6257,0.1436,,0.7128,raw,,
Agglomerative,8.0,0.6184,0.1357,,0.7286,raw,,
Spectral,2.0,0.7754,0.2619,,0.4761999999999999,raw,,
Spectral,3.0,0.7905,0.1342,,0.7316,raw,,
Spectral,4.0,0.8679,0.12,,0.76,raw,,
Spectral,5.0,0.7002,0.1354,,0.7292000000000001,raw,,
Spectral,6.0,0.7258,0.1215,,0.757,raw,,
Spectral,7.0,0.6625,0.1238,,0.7524,raw,,
Spectral,8.0,0.7324,0.1247,,0.7505999999999999,raw,,
OPTICS,,0.8294,0.0439,3.0,0.9122,raw,,
OPTICS,,0.9254,0.0449,5.0,0.9102,raw,,
OPTICS,,0.9293,0.0645,10.0,0.871,raw,,
OPTICS,,0.9984,0.0125,20.0,0.975,raw,,
K-Means,2.0,0.9588,0.0442,,0.9116,scaled,,
K-Means,3.0,0.8854,0.0884,,0.8231999999999999,scaled,,
K-Means,4.0,0.7541,0.1773,,0.6454,scaled,,
K-Means,5.0,0.6607,0.1445,,0.7110000000000001,scaled,,
K-Means,6.0,0.5163,0.1371,,0.7258,scaled,,
K-Means,7.0,0.6167,0.119,,0.762,scaled,,
K-Means,8.0,0.5814,0.1049,,0.7902,scaled,,
GMM,2.0,0.9237,0.0697,,0.8606,scaled,,
GMM,3.0,0.8295,0.1186,,0.7628,scaled,,
GMM,4.0,0.6343,0.1394,,0.7212000000000001,scaled,,
GMM,5.0,0.5585,0.1024,,0.7952,scaled,,
GMM,6.0,0.5327,0.1011,,0.7978000000000001,scaled,,
GMM,7.0,0.514,0.1275,,0.745,scaled,,
GMM,8.0,0.503,0.0881,,0.8238,scaled,,
Agglomerative,2.0,0.8325,0.1066,,0.7867999999999999,scaled,,
Agglomerative,3.0,0.7614,0.1164,,0.7672,scaled,,
Agglomerative,4.0,0.7341,0.155,,0.69,scaled,,
Agglomerative,5.0,0.4633,0.0769,,0.8462000000000001,scaled,,
Agglomerative,6.0,0.4848,0.0891,,0.8218,scaled,,
Agglomerative,7.0,0.4871,0.0972,,0.8056,scaled,,
Agglomerative,8.0,0.4715,0.0947,,0.8106,scaled,,
Spectral,2.0,0.9682,0.0217,,0.9566,scaled,,
Spectral,3.0,0.6474,0.1775,,0.645,scaled,,
Spectral,4.0,0.6038,0.1391,,0.7218,scaled,,
Spectral,5.0,0.6052,0.1269,,0.7462,scaled,,
Spectral,6.0,0.5826,0.121,,0.758,scaled,,
Spectral,7.0,0.5565,0.09,,0.8200000000000001,scaled,,
Spectral,8.0,0.5491,0.0771,,0.8458,scaled,,
BIRCH,,0.7864,0.0298,,0.9404,scaled,1.0,
BIRCH,,0.4825,0.0329,,0.9342,scaled,1.5,
OPTICS,,0.8934,0.0922,3.0,0.8156,scaled,,
OPTICS,,0.908,0.2792,10.0,0.4416,scaled,,
K-Means,2.0,0.9593,0.045,,0.91,PCA,,
K-Means,3.0,0.8855,0.0897,,0.8206,PCA,,
K-Means,4.0,0.7422,0.1867,,0.6266,PCA,,
K-Means,5.0,0.6616,0.1455,,0.7090000000000001,PCA,,
K-Means,6.0,0.7018,0.141,,0.718,PCA,,
K-Means,7.0,0.6182,0.1288,,0.7424,PCA,,
K-Means,8.0,0.5863,0.1134,,0.7732,PCA,,
GMM,2.0,0.9437,0.0547,,0.8906000000000001,PCA,,
GMM,3.0,0.8235,0.076,,0.848,PCA,,
GMM,4.0,0.714,0.094,,0.812,PCA,,
GMM,5.0,0.6271,0.0874,,0.8251999999999999,PCA,,
GMM,6.0,0.6009,0.0789,,0.8422000000000001,PCA,,
GMM,7.0,0.5606,0.0936,,0.8128,PCA,,
GMM,8.0,0.564,0.0932,,0.8136,PCA,,
Agglomerative,2.0,0.8159,0.086,,0.8280000000000001,PCA,,
Agglomerative,3.0,0.7677,0.0963,,0.8074,PCA,,
Agglomerative,4.0,0.7436,0.1305,,0.739,PCA,,
Agglomerative,5.0,0.6538,0.1754,,0.6492,PCA,,
Agglomerative,6.0,0.5089,0.0917,,0.8166,PCA,,
Agglomerative,7.0,0.4984,0.0981,,0.8038,PCA,,
Agglomerative,8.0,0.4768,0.0869,,0.8262,PCA,,
Spectral,2.0,0.9359,0.0337,,0.9326,PCA,,
Spectral,3.0,0.6081,0.1728,,0.6544,PCA,,
Spectral,4.0,0.6051,0.1324,,0.7352000000000001,PCA,,
Spectral,5.0,0.5874,0.1223,,0.7554,PCA,,
Spectral,6.0,0.5623,0.1193,,0.7614,PCA,,
Spectral,7.0,0.5645,0.0877,,0.8246,PCA,,
Spectral,8.0,0.564,0.0749,,0.8502000000000001,PCA,,
DBSCAN,,0.3131,0.3483,,0.3034,PCA,,1.5
BIRCH,,0.9916,0.0068,,0.9864,PCA,0.5,
BIRCH,,0.6918,0.0324,,0.9352,PCA,1.0,
BIRCH,,0.4527,0.0378,,0.9244,PCA,1.5,
OPTICS,,0.8396,0.0889,3.0,0.8222,PCA,,
OPTICS,,0.9158,0.1267,5.0,0.7465999999999999,PCA,,
OPTICS,,0.9286,0.2575,10.0,0.485,PCA,,
K-Means,2.0,0.9848,0.0187,,0.9626,outliers,,
K-Means,3.0,0.7519,0.1864,,0.6272,outliers,,
K-Means,4.0,0.8169,0.1169,,0.7662,outliers,,
K-Means,5.0,0.6925,0.1433,,0.7134,outliers,,
K-Means,6.0,0.5813,0.0997,,0.8006,outliers,,
K-Means,7.0,0.6339,0.139,,0.722,outliers,,
K-Means,8.0,0.6591,0.1198,,0.7604,outliers,,
GMM,2.0,0.9503,0.0431,,0.9138,outliers,,
GMM,3.0,0.5753,0.1244,,0.7512,outliers,,
GMM,4.0,0.5084,0.1324,,0.7352000000000001,outliers,,
GMM,5.0,0.5097,0.1094,,0.7812,outliers,,
GMM,6.0,0.512,0.0862,,0.8276,outliers,,
GMM,7.0,0.4786,0.1018,,0.7964,outliers,,
GMM,8.0,0.4595,0.0763,,0.8473999999999999,outliers,,
Agglomerative,2.0,0.7499,0.115,,0.77,outliers,,
Agglomerative,3.0,0.6137,0.1979,,0.6042000000000001,outliers,,
Agglomerative,4.0,0.4785,0.1189,,0.7622,outliers,,
Agglomerative,5.0,0.3814,0.061,,0.878,outliers,,
Agglomerative,6.0,0.3689,0.0603,,0.8794,outliers,,
Agglomerative,7.0,0.3787,0.0531,,0.8938,outliers,,
Agglomerative,8.0,0.3785,0.0562,,0.8876,outliers,,
Spectral,2.0,0.9192,0.0603,,0.8794,outliers,,
Spectral,3.0,0.6403,0.1691,,0.6617999999999999,outliers,,
Spectral,4.0,0.6309,0.1587,,0.6826,outliers,,
Spectral,5.0,0.6064,0.1362,,0.7276,outliers,,
Spectral,6.0,0.5461,0.1194,,0.7612,outliers,,
Spectral,7.0,0.528,0.0898,,0.8204,outliers,,
Spectral,8.0,0.526,0.0865,,0.827,outliers,,
OPTICS,,0.8588,0.0986,3.0,0.8028,outliers,,
OPTICS,,0.9219,0.1936,5.0,0.6128,outliers,,
K-Means,2.0,0.9846,0.0204,,0.9592,PCA+Outliers,,
K-Means,3.0,0.7503,0.2089,,0.5822,PCA+Outliers,,
K-Means,4.0,0.8268,0.1024,,0.7952,PCA+Outliers,,
K-Means,5.0,0.6865,0.1462,,0.7076,PCA+Outliers,,
K-Means,6.0,0.5912,0.1198,,0.7604,PCA+Outliers,,
K-Means,7.0,0.6233,0.1242,,0.7516,PCA+Outliers,,
K-Means,8.0,0.6691,0.1059,,0.7882,PCA+Outliers,,
GMM,2.0,0.932,0.0589,,0.8822,PCA+Outliers,,
GMM,3.0,0.7695,0.083,,0.834,PCA+Outliers,,
GMM,4.0,0.6051,0.1065,,0.787,PCA+Outliers,,
GMM,5.0,0.5535,0.0898,,0.8204,PCA+Outliers,,
GMM,6.0,0.4061,0.0584,,0.8832,PCA+Outliers,,
GMM,7.0,0.4028,0.053,,0.894,PCA+Outliers,,
GMM,8.0,0.4097,0.0498,,0.9004,PCA+Outliers,,
Agglomerative,2.0,0.7244,0.1118,,0.7764,PCA+Outliers,,
Agglomerative,3.0,0.4141,0.1179,,0.7642,PCA+Outliers,,
Agglomerative,4.0,0.4547,0.1128,,0.7744,PCA+Outliers,,
Agglomerative,5.0,0.4715,0.0954,,0.8092,PCA+Outliers,,
Agglomerative,6.0,0.4608,0.0828,,0.8344,PCA+Outliers,,
Agglomerative,7.0,0.4344,0.076,,0.848,PCA+Outliers,,
Agglomerative,8.0,0.4199,0.0697,,0.8606,PCA+Outliers,,
Spectral,2.0,0.8987,0.0838,,0.8324,PCA+Outliers,,
Spectral,3.0,0.6666,0.1883,,0.6234,PCA+Outliers,,
Spectral,4.0,0.6322,0.1447,,0.7106,PCA+Outliers,,
Spectral,5.0,0.5714,0.1213,,0.7574,PCA+Outliers,,
Spectral,6.0,0.4851,0.0929,,0.8142,PCA+Outliers,,
Spectral,7.0,0.4935,0.0902,,0.8196,PCA+Outliers,,
Spectral,8.0,0.5157,0.0911,,0.8178,PCA+Outliers,,
DBSCAN,,0.928,0.2482,,0.5036,PCA+Outliers,,1.5
BIRCH,,0.9994,0.0018,,0.9964,PCA+Outliers,0.5,
BIRCH,,0.8355,0.0333,,0.9334,PCA+Outliers,1.0,
BIRCH,,0.5559,0.0395,,0.921,PCA+Outliers,1.5,
OPTICS,,0.8772,0.075,3.0,0.85,PCA+Outliers,,
OPTICS,,0.9624,0.1057,5.0,0.7886,PCA+Outliers,,
